﻿Designator,Quantity,Value,Footprint,Package,MPN,DNP,Mount_Type,Description,Sim.Pins
A1,1,Arduino_Nano_v3.x,Arduino_Nano,,,,tht,Arduino Nano v3.x,
"BACK, DOWN, MENU, NEXT, OK, UP",6,SW_Push,SW_Push_1P1T_NO_CK_PTS125Sx73SMTR,,,,smt,"Push button switch, generic, two pins",
BZ1,1,Buzzer,MagneticBuzzer_ProSignal_ABT-410-RC,,,,tht,"Buzzer, polarized",
"D1, D2",2,LED,LED_0402_1005Metric,,,,smt,Light emitting diode,1=K 2=A
J1,1,USB_A,USB_A_TE_292303-7_Horizontal,,,,smt,USB Type A connector,
R1,1,2K2,R_0402_1005Metric,,,,smt,"Resistor, US symbol",
"R2, R3",2,1K,R_0402_1005Metric,,,,smt,"Resistor, US symbol",
"R7, R8",2,68,R_0402_1005Metric,,,,smt,"Resistor, US symbol",
U1,1,Adafruit SSD1306 1.3 inch,LCD_OLED_128X64_1.3_I2C,,,,tht,SSD1306 128×64 Mono 1.3 Inch I2C OLED Display,
U2,1,AMS1117-3.3,SOT-223-3_TabPin2,,,,smt,"1A Low Dropout regulator, positive, 3.3V fixed output, SOT-223",
