﻿pos_x,pos_y,rotation,side,designator,mpn,pack,footprint,value,mount_type
159.512,-63.754,90.0,top,A1,,,Arduino_Nano,Arduino_Nano_v3.x,tht
153.85,-89.5,0.0,top,BACK,,,SW_Push_1P1T_NO_CK_PTS125Sx73SMTR,SW_Push,smt
149.0,-44.0,-90.0,top,BZ1,,,MagneticBuzzer_ProSignal_ABT-410-RC,Buzzer,tht
146.78,-59.25,0.0,top,D1,,,LED_0402_1005Metric,LED,smt
146.77,-57.0,0.0,top,D2,,,LED_0402_1005Metric,LED,smt
171.85,-89.5,0.0,top,DOWN,,,SW_Push_1P1T_NO_CK_PTS125Sx73SMTR,SW_Push,smt
111.092,-85.056,-90.0,top,J1,,,USB_A_TE_292303-7_Horizontal,USB_A,smt
153.85,-74.5,0.0,top,MENU,,,SW_Push_1P1T_NO_CK_PTS125Sx73SMTR,SW_Push,smt
190.15,-89.5,0.0,top,NEXT,,,SW_Push_1P1T_NO_CK_PTS125Sx73SMTR,SW_Push,smt
190.1,-74.5,0.0,top,OK,,,SW_Push_1P1T_NO_CK_PTS125Sx73SMTR,SW_Push,smt
135.49,-82.0,0.0,top,R1,,,R_0402_1005Metric,2K2,smt
149.26,-57.0,0.0,top,R2,,,R_0402_1005Metric,1K,smt
149.27,-59.25,0.0,top,R3,,,R_0402_1005Metric,1K,smt
135.49,-85.0,0.0,top,R7,,,R_0402_1005Metric,68,smt
135.51,-88.0,180.0,top,R8,,,R_0402_1005Metric,68,smt
124.0,-59.0,0.0,top,U1,,,LCD_OLED_128X64_1.3_I2C,Adafruit SSD1306 1.3 inch,tht
126.06,-85.0,180.0,top,U2,,,SOT-223-3_TabPin2,AMS1117-3.3,smt
171.85,-74.5,0.0,top,UP,,,SW_Push_1P1T_NO_CK_PTS125Sx73SMTR,SW_Push,smt
